case id,prom1_unstranded,prom1_stranded_first,prom1_stranded_second,prom1_tpm_unstrande,prom1_fpkm_unstranded,prom1_fpkm_uq_unstranded,prom2_unstranded,prom2_stranded_first,prom2_stranded_second,prom2_tpm_unstrande,prom2_fpkm_unstranded,prom2_fpkm_uq_unstranded
9bf16a89-2fc7-4c08-93bc-3105eec5c3cc,278,153,125,1.9701,0.7614,0.9383,15167,7691,7478,132.1117,51.0549,62.9186
a2319490-b85d-4219-a1b0-fa1ec432d5c8,135,78,57,1.1163,0.3804,0.4523,689,319,370,7.0028,2.3863,2.8372
a2319490-b85d-4219-a1b0-fa1ec432d5c8,135,78,57,1.1163,0.3804,0.4523,1462,720,743,13.9069,5.1755,5.854
a2319490-b85d-4219-a1b0-fa1ec432d5c8,114,50,64,0.8823,0.3283,0.3714,689,319,370,7.0028,2.3863,2.8372
a2319490-b85d-4219-a1b0-fa1ec432d5c8,114,50,64,0.8823,0.3283,0.3714,1462,720,743,13.9069,5.1755,5.854
f9793a4b-c0e7-4475-bf80-69543b7ee2f6,662,320,343,5.4781,2.2483,2.5616,5967,3039,2931,60.6903,24.9083,28.379
42ebd30b-175e-4ece-a806-e55cb7e40e96,143,79,64,0.7281,0.2131,0.2136,13200,6608,6595,82.6072,24.175,24.2366
bc2591b0-65d7-48c3-a5cc-783f67b65869,8941,4488,4453,59.7207,18.5428,19.6797,13894,7049,6851,114.066,35.4165,37.5881
f007fa7a-7da9-4cb0-8aea-623af1a122c5,6349,3288,3062,39.3094,19.4758,25.1436,2972,1543,1429,22.6168,11.2054,14.4664
48e66676-dbed-48a4-9a7f-a6d247b15c17,618,298,320,3.9944,1.6127,1.8147,7940,3913,4028,63.0777,25.4676,28.6562
fef1696c-a8f4-4db6-8615-e486522baaaa,322,151,171,1.7505,0.7525,1.1288,14414,7280,7139,96.3129,41.3999,62.1076
7d03ddb6-f3fe-4b50-8bba-514aa65e7d0e,27,16,11,0.1332,0.0462,0.0505,539,269,270,3.2691,1.1335,1.24
8fe44099-b313-4bfd-a94a-27e72f2a818c,754,366,388,14.1832,5.6851,6.7176,267,149,118,6.1731,2.4744,2.9238
09820a33-80b1-42d0-8366-a0ddaf94b122,155,85,70,1.6171,0.7239,0.9616,702,350,352,9.0019,4.0297,5.3526
ef653772-e5d2-46ec-8610-f81d75d7353c,2080,1050,1032,11.424,3.8091,3.8413,8290,4199,4095,55.9628,18.6594,18.8173
97ad0360-3be4-401a-a94c-7f2800a1b519,426,217,209,3.2286,1.0849,1.1918,299,149,152,2.7853,0.9359,1.0281
1c0318d9-0472-4840-add4-46bb9f914a30,30,15,15,0.2839,0.0948,0.1142,101,56,45,1.1747,0.3921,0.4724
5abb6d80-fc39-49a4-8db5-3db24543feb6,213,91,122,0.9101,0.3414,0.4179,30254,15071,15188,158.877,59.6042,72.9654
5abb6d80-fc39-49a4-8db5-3db24543feb6,213,91,122,0.9101,0.3414,0.4179,7211,3655,3557,47.6657,16.5932,20.8375
5abb6d80-fc39-49a4-8db5-3db24543feb6,119,53,66,0.64,0.2228,0.2798,30254,15071,15188,158.877,59.6042,72.9654
5abb6d80-fc39-49a4-8db5-3db24543feb6,119,53,66,0.64,0.2228,0.2798,7211,3655,3557,47.6657,16.5932,20.8375
b0585c7a-7205-4dac-9d54-6da89674accb,122,57,65,0.9658,0.3996,0.445,1934,963,971,18.819,7.7864,8.6708
bdd792e7-d75f-4aa3-b38e-f0708e112075,121,54,67,0.6003,0.1904,0.2176,9118,4476,4646,55.6037,17.6325,20.1579
80f85c54-e12f-4afa-8fa5-5f3e083b6f95,415,205,210,2.7882,1.002,1.08,3121,1561,1560,25.7731,9.2622,9.9829
19427350-619b-4b9c-a3ba-37f667bb2843,591,307,284,2.9105,0.9973,1.0493,2851,1469,1384,17.2571,5.9133,6.2216
16829472-5666-4fba-9bf9-360ec1689aa0,1273,639,634,7.8741,3.3464,3.4989,2553,1309,1244,19.4094,8.2489,8.6247
61feee94-3ac9-42fe-aaa3-dc6a3efe563c,2566,1287,1279,15.85,5.1263,5.4048,13243,6630,6617,100.5424,32.5178,34.2849
a09f0626-002a-48fd-8b2d-c66b8285cf23,998,491,507,9.9717,4.1757,5.9502,4110,2031,2080,50.4742,21.1364,30.1186
4e6f88de-7624-4719-8234-4c9e5b2e2988,12,9,3,0.0886,0.029,0.0316,94,51,43,0.8528,0.2794,0.3041
644a88a7-dc56-468a-af5c-60278aab7642,35,19,17,0.1348,0.055,0.0833,3705,1859,1848,17.5395,7.161,10.8438
15f1a992-0724-4d76-a71a-702ac7753a41,1169,576,593,8.3841,2.8687,3.3874,1249,643,607,11.0102,3.7672,4.4485
23771dab-2aab-4d2b-95e2-9af7092cee6b,535,264,271,1.8848,0.6464,0.7306,43391,21690,21725,187.8876,64.4385,72.8313
b6b607cd-67b8-4c04-a212-a4e8c0743f05,188,89,99,2.3789,0.819,0.8584,11233,5820,5414,174.7041,60.1438,63.0375
6b2a9f9a-fe96-4311-a330-925c4ad36fe7,178,101,77,1.059,0.3478,0.3972,3448,1741,1709,25.2139,8.2799,9.4558
5f60bc2d-738f-43fc-a3fb-61ec6e80e3d4,3143,1569,1575,10.0679,3.2119,3.5619,1395,717,678,5.4923,1.7522,1.9431
f9c835db-2ab6-4bf5-826f-48723493c0ec,1421,714,707,9.3008,3.7023,4.78,8633,4303,4332,69.4507,27.646,35.6934
f9c835db-2ab6-4bf5-826f-48723493c0ec,1421,714,707,9.3008,3.7023,4.78,4538,2287,2252,33.4484,10.8027,12.0937
f9c835db-2ab6-4bf5-826f-48723493c0ec,1012,514,498,6.0688,1.96,2.1942,8633,4303,4332,69.4507,27.646,35.6934
f9c835db-2ab6-4bf5-826f-48723493c0ec,1012,514,498,6.0688,1.96,2.1942,4538,2287,2252,33.4484,10.8027,12.0937
0a2d29de-869a-4dc8-ad11-6ee0d0a3a895,446,217,229,2.96,0.9975,1.1075,6348,3222,3129,51.7822,17.4505,19.3747
219f54ef-4235-482d-b799-f2fa9930105c,688,347,341,4.5845,1.4514,1.4097,5028,2495,2535,41.1804,13.0369,12.6622
2b14123b-8fcd-402c-9399-4e7c47f20252,1610,795,815,12.6066,4.184,4.3026,5702,2871,2832,54.8768,18.2129,18.7295
31872f6a-d225-4f91-b38d-4505d19e406c,0,0,0,0,0,0,1012,541,471,12.3056,5.8571,8.3404
1fe19c6b-71d0-4b07-923b-74ea32210db0,731,386,345,5.0737,2.3583,3.006,792,379,415,6.7565,3.1404,4.003
931738a7-4b5b-46dc-b69f-72600862d8af,322,153,169,1.8598,0.5531,0.5408,11140,5506,5635,79.0823,23.5176,22.9964
6f25001a-f890-4fd0-a994-e62a9ea5c6f3,2873,1423,1450,30.6534,13.5071,15.9549,6819,3453,3367,89.4239,39.4038,46.5446
e9483296-cb91-497a-b955-39a3c3289dac,1035,547,488,6.9455,1.9118,1.8377,3487,1741,1747,28.761,7.9168,7.6099
8628f1b2-3763-4ba9-a375-083874bb18f2,1050,547,503,5.6937,1.8797,2.0585,23642,11688,11959,157.5728,52.0205,56.9673
15fc17cd-d073-4f81-a4a2-2db3cb9d7069,964,492,472,9.2237,2.7164,2.6004,8588,4256,4333,100.9969,29.7443,28.4738
13f5814c-1f99-4ffa-84a4-3bbd8979faae,39,20,19,0.2242,0.1019,0.1381,1511,781,730,10.6761,4.8545,6.5769
86b513ba-df09-485d-92d4-fb9e888f7350,1079,529,550,6.988,2.7157,3.5041,501,271,230,3.988,1.5498,1.9998
cbd87697-7708-4b69-9e50-9ee474feabe1,264,137,127,4.0589,1.1992,1.1583,80,45,36,1.5118,0.4466,0.4314
63a75e0b-9241-4f0e-9236-01a2e2c05b7e,2738,1395,1343,19.9495,8.9896,12.3333,2249,1161,1089,20.1409,9.0758,12.4516
062982f8-9f49-425a-99e9-008af5ed9040,13,8,6,0.1072,0.0412,0.0492,791,408,383,8.017,3.0818,3.6762
f58e49fc-9641-4b46-be4c-766445ec70a3,554,277,277,5.5267,1.7307,1.6383,4445,2257,2188,54.503,17.0678,16.1569
c9e58844-9d61-44a2-aee6-1760bc19711b,534,280,254,1.5841,0.5557,0.6874,12304,6291,6022,44.8623,15.7386,19.4667
ad2b1a0a-153f-483d-b228-5763eba3f6cc,1260,623,638,8.6763,2.562,2.607,14752,7471,7289,124.8545,36.8683,37.516
20cf00ea-d7da-42bb-bce7-f005f0b952eb,13,6,7,0.0741,0.0238,0.0266,24677,12279,12398,172.9733,55.618,62.0144
15556b28-c6bd-455a-87b6-4b7b3e33d0e4,1583,820,763,10.4984,3.8786,4.6648,1379,665,714,11.2408,4.1529,4.9946
774ce281-96b2-467a-9170-079797ee10f7,3430,1725,1706,12.3842,5.4003,8.0897,39074,19744,19341,173.4014,75.6137,113.2706
f34aa3b6-e966-49c6-bc55-130545772c53,2825,1378,1447,19.3782,7.1315,8.0691,13550,6809,6746,114.2417,42.043,47.5703
93095c36-2263-438f-a619-a4a4d6ae13c7,83,42,41,1.1263,0.5622,0.5944,5601,2901,2700,93.4223,46.6291,49.3038
ea605be2-6578-4e01-8ec3-bbd84c0b7f1d,27,15,13,0.1541,0.0673,0.0807,2451,1239,1213,17.1905,7.5121,9.0073
7413c891-f74e-456f-bc70-69c83fb53c70,9416,4668,4749,51.5089,18.6814,20.6542,15103,7601,7505,101.5475,36.8296,40.7189
533f5ff9-466c-4cdb-9c46-b841c2626775,52,33,19,0.3049,0.1038,0.1169,213,112,101,1.5351,0.5226,0.5884
21f6bf91-dfc6-4a59-8b76-88a0f95c7b47,1605,829,776,20.8636,6.513,7.1452,9538,4690,4854,152.3916,47.5725,52.1899
01ea6354-137b-47f3-9021-a01a382b1147,619,304,315,6.4988,2.6009,2.9675,1732,858,874,22.3502,8.9448,10.2056
45baebac-32ae-4093-9eba-488b95c1a58d,1047,536,514,5.6652,2.3836,3.1529,10343,5262,5082,68.7865,28.9417,38.282
0484a929-7a7f-4926-8d25-470ddab082ec,145,70,75,0.6499,0.2415,0.2657,8836,4476,4364,48.6792,18.0855,19.9027
17181157-c9e2-4bd6-8653-f5dce56f9053,592,281,311,3.6043,1.2508,1.5442,7426,3724,3705,55.5701,19.285,23.8078
f1cb3d48-1415-408d-89d1-dfdcc5924963,8651,4288,4365,60.1635,13.8411,14.0994,2321,1179,1144,19.8396,4.5642,4.6494
c3e443b9-5dc5-4793-91e3-534f21485268,765,376,389,4.4471,1.3842,1.4025,2756,1396,1360,19.6917,6.1292,6.2102
48f831b0-5d91-44ae-bc4e-db57ca84fe46,65,29,36,0.476,0.1385,0.1371,4756,2451,2310,42.8043,12.4551,12.3285
02594e5e-8751-47c1-9245-90c66984b665,3823,1890,1933,17.7805,5.6875,5.6064,16347,8218,8129,93.4475,29.8914,29.4652
1858b58f-fdf4-413c-9c29-96ae85b88a74,4182,2133,2049,22.1627,7.1162,7.914,2665,1320,1347,17.3591,5.5738,6.1987
b25570ed-baca-4e3f-87c6-2ef18119ba49,976,527,449,4.2322,1.6862,1.9906,4514,2233,2284,24.0583,9.5854,11.316
8e1b8811-1eb2-4337-852c-c19eaa0ee418,300,147,153,1.8059,0.7001,0.8168,1823,936,888,13.4879,5.2292,6.1009
60cce7ac-d27d-44a6-9873-ecf91da5e906,35,16,20,0.1675,0.0596,0.0579,7767,3841,3927,45.6852,16.2633,15.7954
2dfd8a0e-e642-49b3-abd7-f0334927eebb,133,59,74,1.2277,0.5985,0.7602,1584,830,754,17.9714,8.7612,11.1276
29949b65-2913-4c86-bbd7-b85c5df6f15e,54,35,19,0.3671,0.128,0.1432,2903,1463,1441,24.2561,8.4546,9.4611
47681e4b-01e8-4779-b966-ce57aff4b712,4450,2241,2209,61.5833,19.2105,19.9366,3815,1921,1894,64.8914,20.2425,21.0076
fd4740db-76a8-4362-be71-7b609479bb67,2690,1305,1386,26.077,7.5337,8.3918,910,473,437,10.8427,3.1325,3.4893
5c6f3cd4-19c5-418d-b1be-d3fbf63e99db,244,121,123,0.6468,0.2419,0.3257,11207,5627,5584,36.5158,13.6544,18.3877
71faa2c1-0d5b-4dcc-bdf9-f2405f29907c,66,34,32,0.4575,0.1422,0.1383,4857,2426,2433,41.3856,12.861,12.5117
708eec28-2348-4e15-b98c-8c6f9d057b1e,104,50,54,0.6515,0.2244,0.265,14160,6945,7218,109.0259,37.5477,44.3426
42b3dfa3-152f-4ab7-ac9f-988c7f473bea,102,51,51,1.0688,0.4249,0.4609,1617,771,847,20.8261,8.2786,8.9812
6a57948c-0dc5-4ea2-8043-380f26763752,30,7,23,0.1615,0.0608,0.0804,5897,2973,2926,39.028,14.6884,19.429
acb7ec56-8a47-495f-a11b-2c9fb5d8fe95,61,31,30,0.7192,0.298,0.4182,124,58,66,1.7971,0.7446,1.0448
7ab3765f-910a-41c9-86cc-08534d2a4e4b,32,16,16,0.2433,0.1002,0.1183,2700,1365,1336,25.2348,10.3879,12.2702
b923ac70-70ea-4a82-8466-46350c5803bf,69,32,37,0.5772,0.2654,0.3787,14573,7268,7310,149.836,68.904,98.3092
5495b18a-10ec-427b-83b8-03ef4b587b13,6038,3093,2945,25.3384,9.0366,9.2871,2203,1091,1112,11.3629,4.0524,4.1648
9d25cd0e-0a3e-4ee0-b1a3-58ffab348c9d,782,384,398,3.6957,1.6378,1.9987,5876,2932,2949,34.1324,15.126,18.4593
d2c0d320-d1c5-4eed-af4f-15540e60db0b,61,29,32,0.3341,0.1155,0.125,5202,2596,2607,35.0244,12.1062,13.1004
c73244fd-d486-439f-a94f-fb0bd4e9ac8f,786,397,390,3.3062,1.0533,1.0919,5699,2847,2858,29.464,9.3872,9.7307
a36a4440-15ef-4837-904b-380a964d16f1,3467,1724,1745,20.9659,7.0554,7.2158,3966,1986,1981,29.4783,9.92,10.1456
78777a80-cc6c-46c9-a14a-837ac7943719,251,133,118,1.455,0.5281,0.5787,4680,2387,2297,33.3438,12.1021,13.2616
700e91bb-d675-41b2-bbbd-935767c7b447,357,187,170,2.7746,1.0081,1.1828,10103,5126,4979,96.5116,35.0663,41.1427
a6aad7f9-8444-4c2f-8e4b-b19fd453544f,2588,1317,1271,12.4834,5.0601,5.9916,7876,3942,3937,46.6945,18.9272,22.4115
7592a659-7175-486f-a16e-24a4b4365a36,840,399,441,3.4126,1.1832,1.207,9757,4902,4860,48.7211,16.892,17.2318
f64ebc7f-0e5a-42b4-af57-6cdb90d24f90,7739,3894,3845,38.2101,12.9448,14.1146,14914,7430,7487,90.506,30.6615,33.4324
29dccd25-4c4a-463b-a353-38a193337f38,1307,651,656,7.0854,2.2778,2.5214,49966,24885,25087,332.932,107.0321,118.4772
76cc2d21-eebc-4f09-9bc7-dbf7af0aafa8,50,27,23,0.261,0.0949,0.1126,16993,8519,8479,109.0062,39.6407,47.0408
0a48873a-092a-4b25-822b-b0b3c18c08a8,1195,592,603,5.9632,1.9267,2.1096,7375,3741,3638,45.2341,14.6151,16.0023
9a30dee8-962a-49db-a85a-c39515c91b68,1418,710,708,6.6254,2.4487,3.1608,16359,8159,8204,93.9476,34.7224,44.8202
a8c4a333-6b67-44c8-9000-516f8ccea788,26,12,14,0.2857,0.1123,0.1286,11419,5728,5693,154.1991,60.6377,69.4102
0e1598d8-cbe5-4113-95f1-4bcda061239b,860,419,441,3.6973,1.1362,1.1615,5537,2801,2738,29.2583,8.9911,9.1914
12581634-eebb-4841-8498-71dc9d78c546,632,317,315,3.5742,1.0633,1.1633,4746,2417,2329,32.99,9.8146,10.7369
18d21132-a795-4551-83ba-66483de423a2,315,155,160,1.5732,0.4899,0.5159,8311,4222,4094,51.0166,15.8868,16.7298
195ecf43-06bd-4ffe-8d8b-a766f3f7179b,24,14,10,0.1757,0.0552,0.0595,2548,1260,1289,22.923,7.2074,7.7603
196f4600-b6c9-4652-9f77-65c92883f8c1,34,24,10,0.183,0.0759,0.0808,1967,1004,964,13.0144,5.4005,5.7424
1aea3c25-d2bc-4ff5-bc27-32e939944e9d,28,15,13,0.1952,0.0695,0.0809,2856,1445,1412,24.4762,8.7162,10.1469
1d9893c8-0de3-4b07-b0ba-a53019b23eb4,1638,800,838,8.5319,2.7644,2.8722,5418,2676,2744,34.6864,11.2389,11.677
20336269-5a5b-4ba7-8fe8-665a1f9af738,593,284,309,4.9979,1.3642,1.446,4469,2227,2243,46.2954,12.636,13.3944
1e14f098-17b2-4f54-8e4f-e38088008df7,94,47,47,1.5333,0.7963,0.9872,4007,1998,2010,80.3383,41.7194,51.7258
2038fd65-d8f1-4b16-af90-b1c8f9a379a7,4717,2412,2306,18.826,7.0938,8.7698,15599,7970,7638,76.5206,28.8338,35.646
21966708-4e66-4211-add0-f1515b09e362,1210,634,578,7.8177,2.6085,2.926,9686,4869,4820,76.9177,25.6654,28.7891
263e85e2-7b6f-453f-8fd0-e5ea1409fece,2592,1336,1256,21.1799,7.5597,8.5477,2235,1139,1098,22.4469,8.0119,9.0591
27920e1e-b9ab-4587-970a-0cba7025becb,34,19,15,0.1955,0.089,0.1387,272,128,144,1.9228,0.8751,1.3642
2cb50c2d-e749-4172-b101-d975507435c5,1850,952,898,14.2263,4.0684,4.0401,1822,900,923,17.2211,4.9248,4.8906
33d36b64-4688-40a7-9a4f-7cd3d4cc683d,135,63,72,0.8145,0.2348,0.241,14267,7085,7184,105.7966,30.5018,31.3035
67f526f1-def5-43b4-bc89-154baae190fc,47,25,22,0.2572,0.0928,0.1019,4431,2239,2193,29.8039,10.7546,11.8049
6d10d4ee-6331-4bba-93bc-a7b64cc0b22a,32,8,24,0.2021,0.076,0.0791,5582,2774,2808,43.3218,16.2851,16.965
6e84e89d-4f35-43b8-b47d-b1343b8c1ab9,176,86,90,0.7311,0.2796,0.3162,12622,6248,6377,64.4454,24.6419,27.876
7016714b-6af8-45dd-8341-1493927e5515,305,158,147,1.8685,0.7266,0.9205,10179,5057,5125,76.6456,29.804,37.7597
7a08efd0-f984-430e-a8eb-1881047214b6,247,129,118,3.2795,0.938,0.9131,126,57,70,2.0562,0.5881,0.5725
838693d5-1ae0-4d75-834b-e1b89b96b0ed,502,274,228,4.3709,1.7182,2.3077,624,309,315,6.6779,2.625,3.5258
79e6e31c-22a1-481c-903b-ab5499cbd450,31,14,17,0.2109,0.0781,0.0926,7468,3739,3732,62.4391,23.118,27.4096
7e34d3c1-1fab-4326-9a69-4260d2bac558,141,72,69,1.3918,0.5803,0.7624,9007,4580,4429,109.2748,45.5601,59.8636
85a85a11-7200-4e96-97af-6ba26d680d59,188,93,95,1.9809,0.8298,0.9376,200,98,102,2.5902,1.085,1.226
867f9563-16c9-45a8-b519-6df61ba1b6b7,19,8,11,0.0926,0.0289,0.0322,6594,3351,3247,39.5001,12.3078,13.7439
872d2922-7292-4681-adb7-d3b267eccbe7,8,3,5,0.0671,0.0229,0.0272,3184,1615,1569,32.8376,11.2094,13.2848
82093ed9-a3c8-4e34-931f-4ec7ae745711,5,1,4,0.0353,0.0131,0.0151,994,502,493,8.6226,3.2075,3.6842
8cad4217-5699-4735-9be3-fc0015a8d262,8,6,2,0.0616,0.0241,0.0314,113,54,59,1.0696,0.4183,0.5448
88180134-710f-46ea-9b06-5e5d860d6d9f,112,56,56,0.731,0.2675,0.3249,497,250,247,3.9868,1.4588,1.7723
914f84bf-578b-4f4d-93cb-378228ea58f6,2322,1168,1154,18.3061,6.3383,6.734,2358,1205,1155,22.849,7.9112,8.4052
8ac6ce06-ab50-4ab4-a469-9f8bf01be963,142,71,71,0.6429,0.2311,0.2999,1894,944,952,10.5396,3.788,4.9162
9446e349-71e6-455a-aa8f-53ec96597146,1396,739,659,7.8536,3.8056,4.6188,854,428,429,5.9052,2.8615,3.4729
94efd4f9-69b0-4efa-8a0c-61106e898fdd,91,48,43,0.3784,0.1413,0.1592,13166,6622,6550,67.2854,25.1263,28.3123
933dbfbd-4697-403e-bd73-c17cb300c94b,599,326,273,7.8187,3.0276,4.0904,785,398,387,12.5941,4.8768,6.5887
955c80be-53df-4565-9303-a7abf96a2f81,16,5,11,0.0782,0.0248,0.0275,5653,2777,2879,33.9399,10.7899,11.9246
94030805-8beb-441a-af73-11a80768edb5,20060,10052,10011,86.254,26.9828,28.47,1143,563,583,6.0407,1.8897,1.9939
9ec86cbd-8c74-4697-90da-529ab91ab835,64,32,32,0.2552,0.1162,0.1272,1489,745,745,7.2985,3.3237,3.6382
afd92922-b8dc-48bd-a9c0-bc8d95855eb7,31,14,17,0.1929,0.0607,0.0652,5120,2534,2586,39.1579,12.3163,13.2453
b7715ff6-57a6-4513-9447-aa8bc93f16d4,74,42,32,0.3106,0.1301,0.1705,290,136,154,1.4959,0.6269,0.8213
c3f9ee36-d34f-472b-ac7f-801a0d400aa4,357,172,185,1.9014,0.6369,0.7008,5229,2617,2614,34.2297,11.466,12.6164
c9e28934-8379-4511-817c-d787f2c4ca3a,80,40,40,0.8103,0.3078,0.3876,3460,1701,1760,43.0768,16.3608,20.605
d3dd5e69-9752-4b50-9b1f-814afbc2c3dd,1283,658,625,16.5954,5.639,5.6055,686,354,332,10.9062,3.7059,3.6838
d7925dfc-18ce-46ab-a47b-9d06eacc96d0,502,255,247,2.2744,0.7046,0.7651,10054,5046,5008,55.9869,17.3436,18.8345
dc5a6ce7-01e5-408d-812e-e3e0ddc1cde5,416,203,213,3.5169,1.1326,1.2241,19627,9848,9782,203.9447,65.6798,70.9837
df53c3c0-3605-4d2b-bdc7-96d9beab27ea,1593,811,782,11.8423,4.7083,6.2334,847,429,418,7.7391,3.077,4.0736
e20ea417-7296-4da8-9fdb-71cd1f45153a,882,458,424,4.6872,1.6248,1.7572,6248,3160,3092,40.8105,14.1469,15.2998
e294b940-2828-499c-be24-47ef6c2e9035,3945,2043,1902,21.5706,6.8702,7.0321,1585,783,804,10.6521,3.3927,3.4726
e35b2813-427e-4e83-95f6-4f0281f42a59,7500,3800,3703,35.9948,11.2998,11.211,3746,1906,1842,22.0971,6.9369,6.8824
e641aed9-1dd8-4c30-b231-f12b20a76df0,2376,1228,1149,8.2218,3.124,4.077,2077,1068,1012,8.8338,3.3565,4.3805
e9b5336e-d724-4e7d-8c81-1147abd0a80d,185,97,88,1.3141,0.4586,0.5099,7568,3797,3772,66.0758,23.0586,25.6366
e5a329ec-e50e-4786-901d-b58474f8ea65,72,43,29,0.5436,0.2468,0.3051,2666,1388,1279,24.7384,11.2343,13.886
ed21615c-0de3-421c-9e8d-8996026c4431,3800,1950,1850,27.465,9.132,9.9645,26983,13509,13483,239.7044,79.7012,86.9665
f8a5547f-f1bc-4c01-8b68-25b5ee0caeab,1668,850,818,10.5872,4.4621,5.6568,3138,1674,1465,24.4811,10.3179,13.0803
f8e9d538-7291-4fe7-b3f2-d01676a027f9,3836,1935,1901,28.6792,15.0453,21.0539,1861,946,916,17.1011,8.9714,12.5543
ef57bc45-858f-4d4e-8407-b7eadfa43be5,1808,933,875,11.2158,4.138,4.488,10754,5338,5420,81.9956,30.2518,32.8106
ef5e85cf-2d82-4d52-a02c-fed5c76e4cec,227,108,119,1.28,0.4403,0.4494,6622,3358,3266,45.8957,15.7879,16.112
fdf83fdf-dfbb-4306-9a1b-b4487d18b402,41,20,21,0.2117,0.0813,0.0849,6847,3335,3512,43.448,16.698,17.4204
7248cd60-be22-44bc-bc58-f644db0940a2,266,123,143,1.3791,0.5023,0.5936,5413,2810,2603,34.4929,12.5631,14.8469
7248cd60-be22-44bc-bc58-f644db0940a2,266,123,143,1.3791,0.5023,0.5936,3098,1531,1568,18.8181,7.3573,9.4205
7248cd60-be22-44bc-bc58-f644db0940a2,329,157,172,1.6259,0.6357,0.814,5413,2810,2603,34.4929,12.5631,14.8469
7248cd60-be22-44bc-bc58-f644db0940a2,329,157,172,1.6259,0.6357,0.814,3098,1531,1568,18.8181,7.3573,9.4205
40635bf3-d8ba-4833-b623-547e55e5d07e,517,253,264,3.7349,1.2481,1.4632,1551,771,780,13.7719,4.6021,5.3954
3ac45a71-c463-4f0f-b030-58c475a34418,9,5,4,0.1007,0.0326,0.0313,2776,1406,1372,38.1857,12.3645,11.8537
3ac45a71-c463-4f0f-b030-58c475a34418,9,5,4,0.1007,0.0326,0.0313,7943,3957,3986,73.1614,23.9728,26.8387
3ac45a71-c463-4f0f-b030-58c475a34418,1054,551,503,7.8986,2.5881,2.8975,2776,1406,1372,38.1857,12.3645,11.8537
3ac45a71-c463-4f0f-b030-58c475a34418,1054,551,503,7.8986,2.5881,2.8975,7943,3957,3986,73.1614,23.9728,26.8387
7fd6ab8a-201e-431d-a886-6ab553b6ca36,409,224,185,2.1092,0.8882,1.0078,5025,2542,2484,31.8515,13.4124,15.2188
eb7c3b35-7a5e-4621-b31f-9775c51f9a23,5777,2839,2939,36.6843,10.2591,9.6841,8677,4401,4283,67.7233,18.9395,17.8779
260723bf-9620-450d-bf31-f3a45543f9db,10411,5147,5265,66.9821,15.7569,17.0328,712,354,359,5.6304,1.3245,1.4317
b8023162-5e82-40e6-ad8c-8acf81821f01,393,182,211,2.855,0.8667,0.9068,2279,1130,1152,20.3492,6.1772,6.4632
b0839f46-8c82-4619-be3d-c857a1759463,2928,1405,1523,21.1441,6.1701,6.5371,17749,8897,8853,157.5369,45.9708,48.7055
15170c7f-5880-4fb6-82ce-68d3df0dfb68,728,362,367,4.6362,1.6191,1.8039,37672,19023,18661,294.8784,102.9826,114.7358
0f4a4ad1-e394-45c4-9aa9-aadf2bff0628,12,8,4,0.0728,0.0295,0.041,1122,568,554,8.3696,3.385,4.7143
94769f2c-b6fd-48ec-af34-b41165340b7c,376,194,182,2.2689,0.9623,1.1526,3237,1667,1572,24.0085,10.1823,12.1959
c9226204-cb61-40b8-8a94-a7e71c14ea3a,2563,1314,1249,16.5341,5.6977,5.4026,6175,3059,3116,48.9621,16.8725,15.9985
8e107f4b-1912-4d3e-814a-b863e2d65ed7,121,62,59,0.9126,0.3717,0.4415,3658,1787,1873,33.9083,13.8108,16.4044
7ebc776e-bde1-4563-adb1-8bd441872733,35,12,23,0.2287,0.0669,0.0655,4552,2226,2326,36.5576,10.6967,10.4683
f2ec64f5-a414-4c34-99c7-d59bc4e831e0,171,86,86,0.6378,0.2843,0.298,1353,646,709,6.2022,2.7652,2.8983
cd6e5d3d-1c86-40dd-9cb3-b2e2075dec56,690,333,357,4.4035,1.5194,1.6027,1339,689,651,10.5032,3.624,3.8227
32d4d200-1fdf-44ed-b81f-1954a9c93926,47,17,30,0.3578,0.1159,0.1249,5045,2525,2521,47.2002,15.2905,16.484
ad2939e6-b8b8-475a-90e2-6a369c3d3167,10566,5347,5221,59.6495,21.1603,22.89,5667,2872,2796,39.3223,13.9494,15.0897
56a30462-2819-4c18-95be-8e73880a4921,14,7,7,0.0644,0.0254,0.0336,2133,1080,1055,12.0588,4.7592,6.2971
cbc7f427-5f7b-4267-ad56-055d8880a4cc,132,62,70,1.164,0.5252,0.6298,801,423,378,8.6815,3.9169,4.6974
7d1e9451-7a6a-4086-af7f-3ed57505daf0,545,269,276,2.3995,0.7926,0.8737,1773,894,881,9.5947,3.1691,3.4937
d1e974e7-dd68-40cc-ad06-2b57d964e5a1,94,52,42,0.3694,0.1236,0.152,4580,2264,2318,22.1202,7.4019,9.1031
d0673efd-3315-4dd5-8ab6-912bfa07dceb,191,104,87,1.2387,0.4961,0.661,3641,1832,1810,29.0232,11.624,15.4863
d7b3156d-672a-4a55-868d-9ca6a09fcb0f,348,183,165,2.4312,0.6682,0.6486,3665,1842,1824,31.4706,8.6501,8.3961
b8c3d99c-429b-42a3-b486-6fbcb90cc2e0,114,61,53,0.3432,0.1393,0.1876,14662,7329,7339,54.2478,22.0161,29.659
460616ec-f66f-483b-88c1-757edd86261d,891,481,410,4.3589,1.5806,1.7966,6595,3247,3350,39.6557,14.38,16.3447
b46263ab-c3ca-4fda-a895-74c7e6e6fe22,691,344,347,7.2027,2.5023,2.8616,4407,2191,2217,56.4616,19.6152,22.4314
4ea50685-3b63-440a-b037-597ef2529e7d,20,12,9,0.1396,0.0473,0.0517,6208,3067,3146,53.2595,18.0374,19.7331
f5033d52-ec36-4e67-88d8-b6d898b81b2f,6007,3077,2931,33.3179,10.6695,10.6915,7882,3929,3956,53.7337,17.2073,17.2427
0f530b3e-5b6d-4892-9ebd-9138d76fdca7,3190,1646,1546,15.9231,5.3242,5.815,10404,5187,5219,63.8306,21.3428,23.3103
242da7d0-8c6a-4395-9a0d-aa36e7c25ce6,3162,1558,1605,15.3084,5.2187,5.6831,639,294,345,3.8024,1.2963,1.4116
05263959-c4f5-4540-b6d2-d8c8a128861f,326,180,146,2.0236,0.7098,0.7054,15796,7891,7906,120.5163,42.2724,42.0087
6ea9877f-eb8d-4ee9-af4c-32a78474d9a6,2703,1403,1301,11.6978,3.7866,3.781,1648,792,857,8.7661,2.8376,2.8334
635f5335-b008-428e-b005-615776a6643f,2825,1405,1420,14.1868,5.0008,5.0826,1791,919,872,11.0548,3.8968,3.9605
8652ddee-98f4-4584-b450-e6f2f5c9d7ec,439,230,209,2.5959,1.0176,1.1209,2261,1082,1180,16.4329,6.4416,7.0958
33dc48d8-2e01-482b-944c-ac10da727ec9,1073,505,568,7.1338,2.1677,2.3126,2273,1170,1105,18.5742,5.6441,6.0214
2517ca7a-6057-4c19-b7e1-f6d078e9881a,5381,2647,2735,31.5708,11.3357,12.2061,11562,5783,5783,83.3769,29.937,32.2357
0724f800-e873-45d0-bc56-809d0ec4f6e9,140,68,72,0.9894,0.3096,0.372,195,104,92,1.6938,0.53,0.6369
b120b701-c194-43d7-a491-3206fac38ec1,50,25,26,0.3524,0.1142,0.125,8667,4319,4351,75.0874,24.3252,26.6402
94bd4c68-4bfc-4db3-9365-97c867747133,131,59,72,1.2387,0.4313,0.4861,4252,2175,2077,49.4157,17.2053,19.3945
7e01f23a-0b0e-46a2-9f30-c3a9d2c779d2,32,21,11,0.1391,0.0529,0.0609,13060,6500,6562,69.791,26.5219,30.5739
6fb71a0c-bc50-48c8-acfa-db94be1e151a,170,103,67,0.7748,0.304,0.3687,3187,1610,1578,17.8525,7.0039,8.4946
95e58015-a7c0-4bdc-bf64-7617d24d0784,4,2,2,0.0212,0.0083,0.0102,796,397,399,5.1841,2.0281,2.4891
63c6a89b-b28c-434a-a632-5de6545db731,440,225,215,2.3146,0.8374,0.8535,2540,1275,1268,16.423,5.9417,6.0559
88d61634-913c-435a-8d25-e019c8dab7da,22032,11068,10967,99.8864,33.5493,39.6894,46529,23247,23298,259.2785,87.085,103.0232
2ee36d9d-128b-4761-aa1a-a637da106f3d,350,192,159,2.3014,0.8111,0.8784,5826,2976,2854,47.0851,16.595,17.9715
22178c3c-6b04-46d8-8041-dc83fa195029,335,168,167,2.0489,0.6372,0.7211,14025,7042,6989,105.4287,32.7894,37.1052
55153632-1673-487a-85c0-f156377db1fc,151,92,59,0.5915,0.2585,0.3168,6829,3412,3419,32.8773,14.3707,17.6099
c435627c-159d-4a6d-a819-30abac24bf4d,30,14,16,0.2201,0.0632,0.0699,1379,702,678,12.4324,3.5726,3.9487
0c1a2e7d-e7e4-481e-a012-ef214c444497,146,77,69,1.3366,0.5283,0.6623,2266,1166,1101,25.4977,10.0777,12.6345
5d603bba-62e6-48fb-b8fc-401109abcaee,71,35,36,0.6056,0.2579,0.3349,2280,1148,1133,23.9038,10.1808,13.2167
390eed6b-50af-48a9-9fd6-3a68a2bbb7f9,209,106,103,1.615,0.5655,0.6127,7051,3455,3599,66.9686,23.4486,25.4054
077079c3-6877-467b-b9cc-5c650aae4f07,861,442,420,7.981,3.218,3.821,416,203,213,4.7395,1.9111,2.2691
eeb9d147-608d-4692-8adf-2f601d23a8ff,4166,2095,2071,28.2535,8.38,8.4803,3804,1881,1925,31.7091,9.4049,9.5175
611600a6-43ec-4029-9682-cd6d6a3312ec,293,141,152,1.5049,0.5639,0.6722,3816,1926,1891,24.0907,9.0268,10.7596
91de8a74-a1e6-46b6-a06e-70aedf2c3eaf,198,112,86,1.231,0.5513,0.688,2936,1526,1411,22.4363,10.048,12.54
b867e933-e3e3-4491-9bb6-b18c48d6f173,5506,2776,2730,39.9083,11.8005,12.2433,3953,2022,1931,35.2163,10.4131,10.8039
e978a457-92ff-4eab-b759-ec6e74d973e8,30,21,9,0.2163,0.0673,0.0698,97,50,47,0.8594,0.2676,0.2773
de548bdd-14ca-486b-bd16-a6fbdd5b50d2,39,17,22,0.2478,0.0806,0.0913,19904,10035,9875,155.4373,50.5651,57.2537
72c40fba-f502-489b-ad87-843f52655894,5037,2526,2511,37.6462,13.797,16.4338,7078,3624,3456,65.0204,23.8295,28.3836
cbc5b936-ead5-4858-ab90-e639402789b0,331,165,167,1.4615,0.4471,0.4677,2700,1398,1304,14.6525,4.4823,4.6896
02d9aa2e-b16a-48ea-a420-5daed9fd51a6,372,204,168,2.2021,0.738,0.8228,5562,2747,2815,40.4687,13.5616,15.1215
374ea8df-ecc4-44b0-b519-33efa5078018,68,30,38,0.3169,0.134,0.1908,1505,740,766,8.6202,3.6447,5.1916
04ecaf38-0232-4dcd-9242-308a22cc1331,51,30,21,0.4343,0.146,0.1536,72,45,27,0.7537,0.2533,0.2665
05ba5839-e00a-4a9e-8ba3-ecb490781e62,328,179,149,1.5233,0.4962,0.5396,13946,7050,6902,79.6068,25.9316,28.2008
0b2ea4b7-98bb-4190-b682-2c75b447c90a,7,4,3,0.0298,0.0104,0.0124,20318,9976,10348,106.4009,37.2403,44.3415
0e475b3d-be3c-431a-ab12-5a867ea8f6cd,354,175,180,2.3248,0.7921,0.823,1871,944,927,15.1026,5.1455,5.3464
07fbdb3c-8337-4319-8255-f2363f8a031e,1488,768,720,6.7054,2.2754,2.528,21909,11098,10814,121.3477,41.1779,45.7503
184aac07-44c1-47f1-8adf-50acbcc1762c,2368,1167,1202,13.4009,5.2783,6.5009,2541,1317,1226,17.6745,6.9615,8.5741
13319c20-02f6-4b5f-b24f-3d8f4084094c,1860,926,934,14.4916,4.9434,5.3219,25201,12601,12604,241.3297,82.3221,88.6265
2cb82948-7cbe-4b6c-8414-c02f662de2d0,963,461,502,4.6684,1.4452,1.5316,21246,10657,10593,126.5929,39.1902,41.5323
2ebb738c-4829-4720-931a-96c0fd117e2a,2387,1199,1188,29.0268,10.7064,11.4982,1300,665,635,19.4304,7.1668,7.6968
3018efe7-13a1-47ae-a726-8fc967c73841,304,159,145,1.9977,0.7055,0.7568,946,478,469,7.6407,2.6985,2.8944
3445c524-5a37-40b6-8614-956d76eed939,186,85,101,1.3281,0.4417,0.4794,1872,937,939,16.4297,5.4635,5.9303
34f545ab-d420-4dd2-8db4-3159896efd23,71,30,41,0.6905,0.2413,0.2471,8254,4178,4077,98.668,34.4803,35.3017
35916942-e7aa-45db-ad27-03cba67d4d5b,8757,4394,4363,37.663,13.8954,16.4941,4537,2266,2272,23.9838,8.8486,10.5035
3bc8a74f-49bd-46b6-a3a4-68ca838e83c6,96,57,39,0.8718,0.2778,0.3095,470,226,244,5.246,1.6719,1.8623
36595b52-2b5f-4e87-80eb-37c29109e92a,21,12,9,0.168,0.0834,0.1083,391,212,182,3.8447,1.9085,2.478
4160e048-f0b0-40f5-805b-e277a5893a3b,5191,2648,2543,30.7101,13.1371,15.4226,2663,1367,1296,19.3639,8.2834,9.7245
446ce2a3-d328-443c-a419-3344baad0e16,20,10,10,0.1572,0.0646,0.0785,3666,1808,1859,35.4084,14.5503,17.6904
4c099644-047c-42a3-8187-bfcbfe6662e4,358,184,174,2.8954,1.0777,1.1906,7968,3977,3992,79.2084,29.4832,32.5708
4ca9c0e8-75a7-4665-9d88-6dd2bb44b1e1,135,66,70,0.7521,0.2839,0.2957,7326,3665,3662,50.1634,18.9371,19.7254
45957be6-e4df-4245-acf8-39dfc118ee19,508,276,232,1.2662,0.4846,0.6266,11647,5908,5743,35.6809,13.6547,17.6572
5201ee13-2aed-4641-9169-4d5ee07a23da,5704,2864,2840,30.2074,10.1708,11.7657,11015,5659,5361,71.6982,24.1407,27.9263
5503b3a1-7d03-41b2-9ec8-e478c5414d67,8101,4102,4001,43.9592,13.0625,14.8035,5981,2955,3029,39.891,11.8536,13.4335
502e8d02-2953-4514-a2e1-6179dd94da73,6281,3244,3037,38.87,17.0789,21.073,1951,991,960,14.84,6.5205,8.0453
561968ce-da9a-4d69-8bc2-bc87b9550f93,910,470,440,4.0172,1.7733,2.4886,5470,2716,2755,29.6796,13.1017,18.3858
565d06a1-3640-4274-8fb3-8cad7e578876,97,41,56,1.3613,0.4515,0.4718,1251,603,648,21.5792,7.1574,7.4782
5d7027f5-60a0-47ab-a79d-667c9acc0e54,4917,2422,2496,24.5939,8.4733,9.6522,19015,9583,9439,116.8997,40.2753,45.8788
5e18b17d-4626-4b6d-8ac6-e560cee0376c,108,58,50,0.5783,0.1837,0.1865,812,407,406,5.3445,1.6979,1.723
60014a6e-6a13-4f92-bbfd-eeeee9632f98,50,24,27,0.267,0.0925,0.1005,6367,3158,3212,41.782,14.47,15.7346
5d36676e-4140-44b5-aa0e-b2af092b7dc0,142,77,66,0.5844,0.1992,0.2354,17142,8641,8507,86.7053,29.5527,34.9224
602e2934-223a-44db-8c33-06eb05d72f94,196,105,91,1.4959,0.4675,0.4545,8080,4056,4034,75.7962,23.6889,23.0317
619b14f3-b8cc-4c0a-8304-6719853d592a,485,241,245,2.9961,1.3647,1.6714,4617,2302,2315,35.0564,15.9682,19.5558
65ddccd2-70a7-48b3-88e1-9d6fd1dcd11b,587,298,290,1.5365,0.673,0.9892,11249,5645,5607,36.1909,15.851,23.2991
6209e80d-a115-4f8e-bf0d-18461401a1c6,11,6,5,0.1138,0.0435,0.0553,2497,1212,1285,31.7485,12.1321,15.4407
662d77d1-1a43-427a-813b-e11edd30868e,241,110,131,1.737,0.5061,0.5521,4600,2283,2320,40.7498,11.8732,12.9533
6746533a-8d0b-4ebc-87ec-49c8738121a8,5349,2645,2704,46.078,13.3305,14.5403,3361,1656,1707,35.5861,10.2952,11.2295
6cf9f872-2e59-45cf-bb5e-ebd7fa1b3caf,430,210,220,5.507,2.3561,2.8163,669,363,306,10.5309,4.5056,5.3855
79fd602b-3e8e-4353-aa78-4f5f170b607d,1701,868,834,18.2077,5.3723,5.8993,3267,1653,1614,42.9823,12.6822,13.9263
7ca97692-0bf5-4bbd-81ce-10a051d04bd5,511,248,263,5.8033,2.0843,2.5316,771,405,368,10.762,3.8654,4.6947
818dc159-aba4-46bc-a4ed-68ee0f8c4461,148,84,64,1.1101,0.3347,0.4187,6266,3125,3143,57.7653,17.4153,21.7907
9fb1ba57-2007-4477-b000-2d36f163efd2,506,259,247,11.4416,4.0094,4.1804,224,115,109,6.2255,2.1816,2.2746
a5030259-cf9c-4a58-8710-b9da8ee59320,1306,687,619,15.2569,6.9641,9.2314,2468,1172,1297,35.4372,16.1754,21.4417
9af2248a-d86a-4277-93b4-8eba5a39bd3c,5877,2961,2916,67.519,19.7179,17.9994,2379,1197,1182,33.5935,9.8105,8.9555
9c744ff8-1cde-4176-b6d7-0ab62bf42620,6,4,2,0.0157,0.0059,0.007,1431,740,693,4.5966,1.7325,2.0424
ac2e88ff-8b1e-4691-9a96-5a581f98d827,3,3,0,0.0151,0.0054,0.0051,63,31,32,0.3893,0.1393,0.1313
ae914f23-87b9-4169-a7f7-a3483078c902,148,79,69,1.0498,0.3683,0.4218,7295,3588,3709,63.5976,22.3115,25.5512
b520aae5-65a6-4b27-bc2a-10b02c7b1aeb,66,29,37,0.3068,0.1063,0.1129,7904,3993,3911,45.1555,15.6421,16.6213
b9418c6d-94f7-4db4-a1e4-f384b09d54cb,4051,2008,2043,15.9324,5.3805,5.7023,10362,5306,5063,50.0901,16.9158,17.9275
cbe3309e-9b7b-4f62-87b5-0f5ed4218ada,227,115,112,1.5477,0.4641,0.4713,4541,2265,2277,38.0541,11.4122,11.5891
ce871097-a6e9-4139-897e-642ee24ee123,51,28,23,0.4108,0.1504,0.1675,1985,966,1020,19.6531,7.1943,8.012
cf1e86ec-4bcb-403c-831b-d67bddef14eb,1424,739,686,6.9403,3.0162,3.5824,14379,7108,7276,86.137,37.4338,44.4618
f65f2e78-c001-4ef3-ae88-3e4f83c7aceb,465,233,232,2.0507,0.6983,0.7813,970,489,482,5.258,1.7905,2.0032
ebe677e6-94b6-45be-a58d-eaae4cf63d12,129,73,56,0.6821,0.2112,0.2278,6655,3343,3315,43.2489,13.3943,14.4473
eec69ea9-ceb8-456a-aff4-41fb8a261e36,23,8,15,0.1086,0.0346,0.0355,14042,6996,7048,81.4571,25.9961,26.609
fbb45305-de8d-4baf-8bd0-047b29c2e9d9,130,65,65,1.1903,0.4419,0.5532,4776,2401,2375,53.7465,19.9528,24.9812
f2dcf4cc-609d-4532-a90d-6ae2bbb53365,782,415,367,3.2722,1.5065,1.8036,1345,685,662,6.9173,3.1848,3.8129
f3af727e-b592-4828-94f5-22008666cf8c,1947,979,969,5.5843,2.182,2.4975,6587,3331,3258,23.221,9.0734,10.3851
feda41d8-ca56-425d-b149-4d5485328107,411,193,218,3.1472,1.4413,1.6646,4911,2467,2445,46.2217,21.1679,24.4473
b4225c44-b9b6-46c5-aabf-7b0d9a9fe20b,4397,2198,2200,26.5702,8.8149,8.8143,769,377,393,5.7116,1.8949,1.8947
fe0e3851-d8cb-4533-9536-b4826cd25f87,3481,1688,1794,9.2857,3.0112,3.3126,13959,7051,6909,45.7671,14.8418,16.3271
1cc02c64-a34e-46ae-9bc7-5d50f2fefb31,89,39,50,0.9235,0.3158,0.3475,1062,519,543,13.5439,4.6316,5.0963
dce71741-ccbe-40b7-a0b8-2048d07187a4,93,43,50,0.5327,0.1947,0.2296,18664,9442,9225,131.3935,48.0367,56.6251
74dcdfb4-a637-4111-9a22-4b4bc7bbc8f7,75,30,45,0.4329,0.1635,0.2018,887,427,460,6.2934,2.3765,2.933
4261267c-7042-4c6e-83ed-12fb401003fc,1245,654,591,6.7426,2.4146,2.5668,6918,3487,3433,46.05,16.4912,17.5302
ea6405c4-0fe4-4f37-bef2-275072f91e39,1343,657,686,6.4251,2.408,3.1133,20815,10528,10290,122.3966,45.8727,59.3079
778ce436-a825-4689-81c1-b7c965404163,357,172,185,1.7951,0.5112,0.5286,12168,6080,6092,75.2017,21.4147,22.1446
9e18238f-ae85-4b75-ae87-d92da9731a40,33779,17043,16738,134.4976,40.3589,45.9023,71962,35878,36095,352.1771,105.6783,120.1934
9e18238f-ae85-4b75-ae87-d92da9731a40,33779,17043,16738,134.4976,40.3589,45.9023,19832,9952,9887,138.4178,51.1759,62.0822
9e18238f-ae85-4b75-ae87-d92da9731a40,843,393,450,4.787,1.7699,2.147,71962,35878,36095,352.1771,105.6783,120.1934
9e18238f-ae85-4b75-ae87-d92da9731a40,843,393,450,4.787,1.7699,2.147,19832,9952,9887,138.4178,51.1759,62.0822
3e8a51bf-7e1f-4eab-af83-3c60d04db1bf,1573,761,812,5.6697,1.9721,2.3922,4688,2350,2339,20.7688,7.2239,8.7628
3e8a51bf-7e1f-4eab-af83-3c60d04db1bf,1573,761,812,5.6697,1.9721,2.3922,121,56,65,1.9432,0.8454,1.4658
3e8a51bf-7e1f-4eab-af83-3c60d04db1bf,312,168,144,4.0765,1.7735,3.0752,4688,2350,2339,20.7688,7.2239,8.7628
3e8a51bf-7e1f-4eab-af83-3c60d04db1bf,312,168,144,4.0765,1.7735,3.0752,121,56,65,1.9432,0.8454,1.4658
7e4e7914-ec23-4c55-98d6-3c5eecffa8e4,1346,652,695,7.035,2.4194,2.774,22851,11672,11185,146.7954,50.4855,57.8832
b45c543a-40d9-423a-a7fa-98e4b325b487,272,133,139,1.5448,0.486,0.4988,3155,1594,1562,22.0241,6.9285,7.1111
70fe08bd-a0b4-4a88-b82e-813b176f8e40,123,69,54,1.0709,0.4472,0.5868,1398,707,692,14.9599,6.2473,8.1972
f6ebf3a7-31c6-4f4c-9a0b-74cf35bfedf6,89,39,50,0.4311,0.2255,0.2429,178,97,82,1.0596,0.5543,0.5972
f4d95c8e-fb84-46ca-acc0-827015cc9d0a,2144,1115,1029,16.7847,5.3744,5.7757,2631,1276,1356,25.3162,8.1062,8.7115
a9d3a7b0-faf8-4e56-8600-d9e6882a4f23,234,119,115,1.0675,0.3968,0.4618,344,172,172,1.9289,0.7169,0.8344
186d40cd-624c-4016-a497-b30c892d393c,361,174,187,3.7615,1.0655,1.0872,7025,3480,3549,89.9674,25.4848,26.004
6264e699-d40b-4ebc-b443-0a0edcb220dc,262,105,157,1.7186,0.6713,0.7435,795,394,403,6.4094,2.5037,2.7728
f0c353fd-947c-41e2-b643-3ecc0d69796c,285,143,142,1.8698,0.8394,1.1164,251,124,127,2.024,0.9087,1.2085
f9f44f86-10c7-4473-b156-5afbfa9a2ad0,4183,2094,2089,23.8569,10.0935,11.8818,9532,4786,4748,66.819,28.2701,33.2788
46395c3d-5e51-477f-946e-e58b87cc7baa,816,415,401,5.1317,1.5707,1.6805,6503,3267,3238,50.2659,15.385,16.4605
384170fc-e8be-426a-a54e-bf1ca61f2986,17,7,10,0.1149,0.0414,0.0539,5634,2832,2803,46.8071,16.8673,21.9626
a3e26259-732b-49fb-bc95-2f0ec7a0494e,84,40,44,0.3553,0.1103,0.1191,16720,8209,8514,86.9177,26.9736,29.1342
5d1a54fe-e0df-4c17-b623-b649a136dc82,178,106,72,0.8186,0.2782,0.3298,5077,2537,2542,28.6973,9.753,11.562
d73a0a33-e4e8-44bd-9580-2038ab06583a,3119,1594,1525,19.5349,7.023,7.6083,14025,6986,7043,107.9663,38.815,42.0499
0ba7b6cc-e5f5-47d7-859a-24e31aa336ab,792,423,369,4.1479,1.4919,1.7377,9674,4859,4820,62.2736,22.3982,26.088
5c127332-5ca0-45f1-a5ac-4876ad94e491,3200,1639,1561,24.1924,7.9165,8.7816,3993,2013,1980,37.1038,12.1415,13.4683
49d2c0cf-a3f3-4519-a755-0a5f769df2ea,248,127,121,1.7154,0.5336,0.5787,6886,3498,3389,58.5413,18.2097,19.7501
171f7917-69eb-4a3f-9cc0-0e1dffd412c1,1109,547,562,4.8231,1.4893,1.5515,6900,3458,3443,36.8835,11.3892,11.8649
3491d67a-4f83-4f67-8085-bbb9fe942be5,224,93,131,1.9626,0.6425,0.6761,1731,862,869,18.6415,6.1021,6.4213
bbad2efe-e9c7-4f8f-924b-ebbbe4c181d4,6337,3212,3125,24.4622,8.4469,8.9036,23752,11817,11950,112.6942,38.9137,41.018
23d32627-9fd2-4312-bcda-ee7409e3983f,1136,562,575,5.3779,2.4689,2.8531,5162,2610,2553,30.0361,13.7893,15.9346
a6eb0cd0-fe57-41b0-8593-776208684293,214,121,93,1.8249,0.7073,0.8961,2921,1477,1445,30.6159,11.8668,15.0334
9e7d3dea-5d81-4f10-819c-1c2a68ddd150,771,364,407,4.8078,1.6014,1.9517,9258,4710,4550,70.9579,23.6348,28.8043
0aa020cb-69d2-4235-a609-c279a133d8bb,8754,4440,4315,46.984,14.9178,16.0394,8014,3984,4035,52.8668,16.7857,18.0477
a3898640-0d85-441d-a000-b5b8ff857399,316,177,139,1.8107,0.6362,0.6726,14548,7230,7325,102.4587,36.001,38.0616
e1158102-06f2-47bb-9fe0-49b57f070755,266,132,134,1.9085,0.8384,0.9406,4349,2163,2188,38.3514,16.8484,18.9013
ba68f2cf-9271-41fd-9655-1fac7681f588,418,213,205,2.4261,0.691,0.6739,4359,2176,2187,31.0963,8.8567,8.6381
85bb4987-51e7-40fe-ad59-2aa56754eca9,367,177,190,1.8126,0.5877,0.6524,8404,4200,4206,51.0155,16.5405,18.3626
99a61986-7b23-46b5-99a4-efba6bad3766,160,87,73,1.2815,0.5243,0.5709,1959,962,997,19.2852,7.8903,8.5917
07a859fc-6f78-4905-9035-90e2403dbe8d,181,92,89,1.2594,0.4039,0.4299,6877,3386,3493,58.8154,18.8626,20.0767
8449955f-42d9-46f6-919a-5cc5d59e6284,41,24,17,0.3837,0.1534,0.1823,1613,779,835,18.5551,7.4188,8.8149
09c77947-a333-4392-b18d-a6c1f08764a1,59,29,30,0.3457,0.1077,0.1222,1580,763,818,11.3791,3.5437,4.0228
66face4a-f35c-4364-90e5-8f28e6372606,120,65,55,0.8924,0.3044,0.3522,1796,916,884,16.4171,5.5991,6.4792
c8acee1b-6854-409b-86ab-bf69dbe22ab6,33,16,17,0.1406,0.0662,0.0878,693,367,326,3.6292,1.7082,2.2675
cbcf6922-a3c0-43a1-826e-642918b0a635,28,14,14,0.2057,0.0784,0.0963,2573,1327,1246,23.2322,8.8556,10.877
dac96910-0cb2-44ea-b108-2d6d51b07112,322,154,169,1.7221,0.6335,0.7365,3983,1993,1990,26.1821,9.6314,11.1977
e732f81c-9b7d-44bd-a905-ff53fbed5009,2764,1349,1417,18.4029,7.9998,9.7284,2401,1239,1166,19.6485,8.5413,10.3869
c0c3caab-9277-4a31-a96c-c607e38d5ccc,265,131,134,1.4899,0.495,0.5131,4684,2359,2328,32.3684,10.754,11.1462
08c64000-d320-4e4d-974b-da503d48890c,49,18,31,0.2485,0.0924,0.1091,6718,3309,3409,41.8746,15.5707,18.3768
206ce0ed-36a4-47ab-ac8e-f6fca6ac5c18,47,25,22,0.3917,0.1716,0.2,723,387,336,7.4053,3.2443,3.7817
bc3e0b74-ea09-46a5-9f61-16bd15ffd883,112,63,49,0.6922,0.2085,0.2025,243,124,120,1.8459,0.5559,0.54
6fee41dc-b8a9-4347-8085-b7e05f813ad0,37,20,17,0.3129,0.1081,0.1182,5714,2855,2859,59.3943,20.5229,22.4436
f3618472-32dc-4c90-a407-90050f68be85,1651,860,791,9.8119,3.3817,3.8361,3893,1954,1940,28.4369,9.8008,11.1179
4a2ca7b8-729d-4fab-a6f3-a5d1e5d1f4f3,66,31,35,0.4789,0.1793,0.2293,2952,1480,1472,26.3256,9.8561,12.6084
58427bce-6b81-4083-aeda-25f59e292bbc,1917,952,965,11.6837,3.5782,3.9702,16200,8126,8085,121.357,37.1663,41.2378
499a9b57-ee1a-4012-bbab-c6ad955b5e0a,2244,1137,1107,16.4302,6.0057,6.8787,5421,2807,2616,48.7853,17.8324,20.4245
e07a61e2-bcd2-4a96-80df-97e04aafbd32,2709,1387,1323,7.8988,3.2777,4.5593,3688,1840,1853,13.217,5.4846,7.6291
5ed14506-f69a-4da8-9965-72d3270b9f72,1986,997,989,9.5098,2.9349,3.1947,7381,3645,3739,43.441,13.4067,14.5932
fe402983-70da-44db-b7b1-c32702ddde26,68,37,31,0.2829,0.1292,0.1709,5476,2792,2686,27.9969,12.7906,16.9114
bc4bc342-20bf-40c3-af26-2c6f942da93d,45,20,25,0.2614,0.1072,0.1173,2668,1342,1326,19.0508,7.8115,8.5505
563853a2-9ac2-48be-adf3-1e547ee2b274,73,33,40,0.7243,0.2912,0.3203,1750,883,868,21.3423,8.579,9.4385
914d8613-3c25-4a10-be50-28b42f4d3a5d,10,8,2,0.0683,0.0227,0.0239,2303,1158,1146,19.3195,6.4307,6.7667
7472b3ba-9b15-4d97-8708-a2dd82ca0f45,1449,781,668,12.9683,4.1175,4.5587,7635,3852,3784,83.9876,26.6663,29.5237
1d192835-524e-429d-bf74-3c4727acb446,1649,795,854,9.4598,3.1178,3.4412,8932,4449,4489,62.9799,20.7568,22.9101
05019013-7ea5-4905-ac79-901146ba2ee2,262,127,135,1.9865,0.7764,0.8607,2767,1368,1399,25.7864,10.0784,11.1723
4c18d9cf-4af4-4a86-8b1c-f78795fbbd7e,158,83,75,0.864,0.2811,0.3228,18564,9265,9302,124.7662,40.589,46.615
7c466a5f-a6b4-4d1a-a0f5-ddcd7ef90ff1,40,21,19,0.2915,0.103,0.1148,192,92,100,1.7196,0.6079,0.6774
7d82ce56-32eb-4107-aa5c-c568764805c9,1402,716,686,7.4537,2.1891,2.4541,3987,2022,1965,26.0531,7.6515,8.5779
34f285ab-6c31-4865-a0a7-a57af3567df0,900,443,457,10.8372,4.529,5.7037,11624,5877,5751,172.0357,71.8968,90.5442
2ab32e11-80d6-4ed0-a42e-da612219bbdd,496,240,256,2.3215,0.8379,0.9488,14978,7445,7534,86.1652,31.1011,35.214
cddce77f-21e6-4124-9f03-96fb5ca7cefa,2075,1030,1045,13.1233,5.0678,5.5963,10979,5527,5455,85.3448,32.9575,36.3943
7dcc809b-e33a-4453-b92a-c00786f48cb0,238,109,130,2.4893,0.8675,0.8998,5650,2855,2797,72.6329,25.3126,26.255
c7cf6755-8856-435b-a443-174b22a25b07,913,468,445,5.6506,1.7401,1.8158,5594,2690,2904,42.5537,13.1042,13.6741
ff844242-7559-4b07-b09e-69ea40e5ac6b,483,229,254,2.3153,0.7628,0.783,3401,1719,1683,20.0385,6.6015,6.7768
5ced5b58-fab4-4bcd-b706-d6e49ce0cfc5,133,59,74,1.2201,0.5289,0.7721,561,293,268,6.3255,2.7419,4.0027
18e0e996-8f23-4f53-94a5-dde38b550863,51,30,21,0.3203,0.1223,0.154,1753,896,858,13.5304,5.1657,6.5057
ee0a4a13-613e-4c5d-96c3-8083a013702d,439,223,216,1.8069,0.6263,0.7208,5994,3013,2982,30.324,10.5098,12.0967
ceb19678-b453-4529-b6cb-d02f9cb101b4,477,239,239,1.6586,0.7234,0.9443,2428,1242,1187,10.3765,4.5261,5.9076
1d0225b5-f515-4197-bba7-3dc17e502b88,0,0,0,0,0,0,8275,4176,4099,116.0575,39.7642,41.9776
c183d3fb-2eee-44f8-890e-b9bf907141e6,1000,499,501,7.7437,2.6597,2.9339,12591,6355,6238,119.8385,41.1601,45.4043
26558703-a659-43f2-86cb-0695989bc14e,3914,1961,1953,20.4335,7.8788,8.892,10381,5337,5046,66.6118,25.6844,28.9873
52386f66-2877-4c75-894e-5c1dc03e6ef4,1384,679,705,11.5377,3.5525,4.0775,6097,3110,2988,62.4727,19.2353,22.0783
b1c90c69-6149-4105-8182-ab9212f196be,307,154,153,1.9036,0.7559,0.8283,1795,920,878,13.6799,5.4321,5.9525
808eb134-9c7d-43bb-b86c-2f3259193954,460,251,209,2.6,1.0003,1.0853,2419,1231,1188,16.8054,6.4656,7.0147
2ae65a06-df0f-4de1-a536-537cae0cc260,16174,7988,8186,108.8162,32.5439,32.6293,46476,23366,23127,384.3218,114.9401,115.2416
005a6517-2e5a-4ea3-ab36-531522723607,145,75,70,0.5533,0.2307,0.2423,10240,5162,5079,48.0268,20.0233,21.0333
3f917550-89a6-404b-94df-938c99121411,317,163,155,1.975,0.5798,0.5803,3386,1662,1727,25.9285,7.6118,7.6184
3768d34f-1527-40db-b116-cd80cee5ec3a,594,300,294,7.7041,2.7445,2.909,11645,5827,5820,185.6368,66.1305,70.0953
0de910b1-edaf-47e4-a265-727ee12ac1c3,10849,5646,5203,66.4102,25.7251,28.0777,8488,4341,4152,63.8617,24.7379,27.0002
0740321b-f8a5-4e1d-b390-ca6187598fac,1777,912,865,16.6816,7.038,8.8564,2553,1293,1261,29.4572,12.428,15.6391
0d23fa5b-95f8-4626-a4d2-c72ad3cc553b,596,283,313,5.0761,2.0875,2.5012,14262,7128,7136,149.2979,61.3963,73.5657
0d5e232d-5aa2-4f6f-be58-ffd5f15ee0b8,44,23,21,0.2803,0.1101,0.1278,6083,3086,3000,47.6272,18.7051,21.7166
14c58def-60ee-48e0-a74b-da4eb77ef344,434,237,197,2.146,0.9343,1.1887,284,133,151,1.7261,0.7514,0.9561
16ced1b8-64d5-4498-82df-4d37bfe5b310,662,325,338,5.032,1.6762,1.6903,2552,1265,1287,23.8424,7.9421,8.0091
1db60f09-7f5a-4f21-8003-06a6abc781db,889,405,484,4.8991,1.623,1.862,35559,17928,17637,240.8556,79.7935,91.5391
20c6be4d-7baf-4ea0-93e2-a5212f2e9b9c,531,272,260,3.5241,1.5281,1.6074,695,330,366,5.6693,2.4582,2.5859
1ede8063-e0e9-466d-891c-ac8916f1b5fa,2348,1218,1130,11.7273,3.2381,3.1428,5044,2530,2516,30.9645,8.5499,8.2983
242943fe-1fa0-4a12-8f7e-9c6c4af1194d,139,68,71,1.4384,0.4157,0.4047,12197,6066,6134,155.1337,44.8379,43.6474
2a924999-1fbf-470a-97bd-fd2276a9a366,2,1,1,0.0157,0.0072,0.0092,3347,1707,1642,32.3267,14.7082,18.9981
28ed2d42-5b4c-4bca-b2b2-6b2a6d3c42cf,535,269,266,4.4845,1.7549,1.8851,1780,900,880,18.339,7.1766,7.709
29d26e7e-f4ae-4476-9a3f-27d5ec2ccb8a,133,68,65,1.2148,0.4478,0.5166,4236,2160,2077,47.5555,17.5298,20.2213
32960bc7-839a-42c5-9460-3917fa578ffc,1035,483,552,5.0587,2.0502,2.5714,23332,11914,11423,140.1644,56.8056,71.2491
3b81ec7c-0934-4649-9231-9919dd26dd15,257,123,134,1.7225,0.5002,0.5175,7532,3737,3798,62.0476,18.0164,18.6403
378f7ea2-86b4-4072-80b8-e12d67193106,47,27,20,0.3717,0.1437,0.1843,3191,1599,1593,31.0166,11.9929,15.3833
3fc8f799-5bd3-4f48-baf0-c458ce86ab7e,646,350,297,5.6529,1.9063,2.0317,5935,2933,3004,63.8341,21.5259,22.9423
41178cbc-db73-4007-b5d8-febebf7f578d,1328,652,676,5.3546,1.6835,1.7618,25402,12717,12691,125.8886,39.5795,41.4209
49bfd0fe-48ce-49db-9f76-ce2310410950,1181,574,607,9.5229,3.4665,4.0619,10559,5230,5331,104.6483,38.0943,44.6366
44e840c9-ea54-4dba-9b2a-264ef1f2c304,164,89,75,0.8607,0.3359,0.3781,4255,2182,2077,27.4479,10.7117,12.0563
4d71dd15-cd01-4dae-ad70-6dc325140207,1747,874,873,11.1822,3.3228,3.4535,4188,2100,2090,32.9482,9.7905,10.1755
4eac2c98-86d2-4ee6-a1d3-157d013c78dc,1150,592,560,7.7164,2.5728,2.7103,4874,2502,2372,40.1969,13.4024,14.1185
512de609-757b-42be-8b30-c414f71af422,772,393,379,3.3126,1.0873,1.1407,38439,19380,19069,202.7262,66.5411,69.8087
58f5a54e-de50-4cca-afa1-cc331d8b3479,709,356,353,5.7631,1.8795,1.8176,6759,3360,3402,67.5283,22.0231,21.297
59b3fbfe-0b7c-41e5-b756-ee7e23730df5,200,99,101,1.3189,0.5203,0.5984,11015,5483,5534,89.278,35.2207,40.5096
5c159ab5-8475-4d93-89b8-b6befed4a5b3,777,376,402,7.4468,2.1541,2.2451,1500,740,760,17.6698,5.1113,5.3271
66c92b9e-de3c-4d1a-bb69-46ffbc6caf33,47,22,25,0.2096,0.0634,0.0623,460,226,235,2.521,0.7632,0.7498
62379be5-13f0-474b-94d3-6f944ec4ee96,283,140,143,1.9831,0.6617,0.7636,3205,1584,1624,27.6037,9.2109,10.6293
62efb5ae-43dc-4a4c-a898-6cd9c6dba027,146,77,69,0.7237,0.2974,0.3454,11714,5903,5817,71.3643,29.3294,34.06
6485b68f-caa7-45cd-9bc5-78c2add8191d,1058,536,522,4.7205,2.0316,2.607,3869,1934,1936,21.2173,9.1316,11.7177
65435f50-a35d-49e3-a36e-b95d9e274ca0,4238,2095,2143,24.096,7.7416,8.3906,10179,5014,5170,71.1344,22.8542,24.77
6a1be87b-c4e0-4fd4-b050-50a245b22038,93,44,49,0.5755,0.1862,0.2005,13578,6775,6804,103.2775,33.4068,35.9858
6ad8bc89-d8e9-48c2-bc25-c8e51f972b4d,1039,496,543,4.9313,1.7124,1.8963,5384,2691,2695,31.408,10.9068,12.0778
6b06281b-d3a9-440e-a86c-ee7db003352a,163,85,78,0.9409,0.3213,0.3937,11128,5638,5496,78.9535,26.9567,33.0325
756f6768-e69a-4fe9-aa41-7c58aabe4577,5887,2940,2947,35.0189,10.5936,11.3539,19908,9905,10007,145.5548,44.0319,47.1921
758e6b52-062e-4ca0-84d1-ea38477414ac,2287,1168,1119,18.6961,6.5687,6.789,2974,1506,1469,29.8824,10.4988,10.851
75f2d97a-b96c-403f-8055-5c5c8083e856,2,1,1,0.032,0.0109,0.0117,3910,1921,1990,76.8249,26.227,28.1762
8fac8e40-beac-4059-9d54-7ee530598cfd,514,290,224,2.1055,0.8476,1.0287,4984,2509,2475,25.0939,10.102,12.26
90f4b65c-cfd4-4066-a5b9-842885c172e2,13,3,10,0.1026,0.0386,0.0471,536,274,263,5.197,1.9586,2.387
8a98a6e6-b763-4824-858b-fd2738e6c9a3,1909,982,927,7.6873,3.1743,3.9211,9908,5071,4837,49.0394,20.2494,25.0135
91a17d40-c8cb-4cce-b306-966382a8fe4a,7559,3771,3788,84.773,27.5409,27.8028,1835,897,938,25.2941,8.2175,8.2957
92badeb5-a50e-4a62-a67e-6a8a59c948ab,735,404,331,2.8623,1.182,1.7648,4205,2053,2154,20.1274,8.3116,12.4099
9bbc01b4-056c-4ddc-aca4-ff20718646d0,1085,529,556,5.0105,1.9966,2.9274,14073,7146,6929,79.8786,31.8294,46.6685
a782352e-c4bb-4c3e-ba82-456a47c3689a,132,78,54,0.5336,0.2648,0.3571,7893,3949,3949,39.2143,19.4612,26.2449
a85f6f9c-1e1d-44fc-85eb-3b2d96cfbc61,20,9,11,0.1305,0.0588,0.0707,3629,1831,1799,29.0951,13.1175,15.7741
9e48a4b1-6917-4625-9d78-e4832eb816a5,168,92,76,0.7606,0.3005,0.3539,4449,2239,2210,24.7566,9.7819,11.5206
b1e11e94-646b-4c44-9d33-1ca67d8356fb,198,107,91,1.5645,0.6917,0.9023,1737,863,875,16.8694,7.4588,9.7288
a9abe7a7-4126-414b-87d2-a6d25abcf1fa,1390,721,669,12.6881,5.1812,6.4066,1205,578,627,13.5194,5.5207,6.8264
b31d85cc-d2e2-4bd1-9986-d6bbe30e657f,1890,951,939,6.6702,2.9935,3.0552,19416,9601,9818,84.2224,37.7979,38.5774
b3511675-fd68-4745-8020-e290ca0fd115,67,34,33,0.482,0.1459,0.1718,2374,1146,1230,20.9906,6.3545,7.483
b4b49027-7815-4813-9769-a3fe3a26a37a,1138,551,587,7.2147,2.3761,2.9591,2403,1245,1158,18.725,6.1668,7.6799
bc84c5c5-1785-4edd-b732-8987f862063e,39510,19856,19658,273.6688,69.9055,66.5321,3110,1568,1544,26.477,6.7632,6.4369
c5355491-e1e8-46a4-a05e-bafcaf2e7459,206,104,102,0.796,0.3712,0.4121,3066,1567,1502,14.5609,6.7914,7.5393
c6ede8ae-881c-47a0-a0ef-745ed4b7764a,2687,1351,1337,21.0627,7.6444,9.8114,9273,4530,4747,89.3424,32.4255,41.6172
d1976840-35f7-4423-8458-12fb32a52b33,65,28,37,0.2056,0.074,0.0912,7991,4124,3874,31.0689,11.1817,13.7861
d8d13aa4-45d5-4e1a-a6cf-895bdf05e7b2,72,41,31,0.194,0.0906,0.1151,4550,2255,2297,15.0706,7.0386,8.9409
da274941-3edd-420b-9262-bbd959923c67,304,161,143,2.2855,0.7011,0.7322,5332,2664,2668,49.2717,15.1149,15.7843
d77ef9cf-f8e6-4ee9-8d4f-1106885f6b06,257,143,114,1.9786,0.5802,0.5724,3562,1786,1777,33.7066,9.8844,9.7514
e43d3769-e25f-4fb7-9080-ea26defaf094,2643,1342,1301,23.9954,8.7823,9.2805,1178,625,553,13.1452,4.8111,5.084
f7752d6e-f9cd-4dc9-ab01-3ab87acb21e4,63,35,28,0.2463,0.0904,0.1056,1527,776,751,7.337,2.6937,3.1447
